Track Name,Album Name,Artist Name(s),Release Date,Popularity,Explicit,Added At,Genres,Record Label,Danceability,Energy,Key,Loudness,Mode,Speechiness,Acousticness,Instrumentalness,Liveness,Valence,Tempo,Time Signature,Duration (mins)
Die With A Smile,MAYHEM,Lady Gaga;Bruno Mars,2025-03-07,88,False,2025-12-03T12:16:11Z,"art pop,pop",Interscope Records,0.519,0.601,6,-7.727,0,0.0317,0.289,0.0,0.126,0.498,157.964,3,4.19
BIRDS OF A FEATHER,HIT ME HARD AND SOFT,Billie Eilish,2024-05-17,94,False,2024-12-04T12:15:00Z,Unknown,Darkroom/Interscope Records,0.747,0.507,2,-10.171,1,0.0358,0.2,0.0608,0.117,0.438,104.978,4,3.51
APT.,rosie,ROSÉ;Bruno Mars,2024-12-06,84,False,2025-12-03T12:16:11Z,k-pop,Atlantic Records,0.777,0.783,0,-4.477,0,0.26,0.0283,0.0,0.355,0.939,149.027,4,2.83
Ordinary,"You'll Be Alright, Kid (Chapter 1)",Alex Warren,2024-09-26,91,False,2025-12-03T12:16:11Z,Unknown,Atlantic Records,0.368,0.694,2,-6.141,1,0.06,0.704,6.59e-06,0.055,0.391,168.115,3,3.12
DtMF,DeBÍ TiRAR MáS FOToS,Bad Bunny,2025-01-05,100,True,2025-12-03T12:16:11Z,"reggaeton,trap latino,latin,urbano latino",Rimas Entertainment LLC.,0.625,0.131,7,-27.405,0,0.0717,0.177,0.218,0.0807,0.032,136.02,4,3.95
back to friends,I Barely Know Her,sombr,2025-08-22,92,False,2025-12-03T12:16:11Z,Unknown,Warner Records,0.436,0.723,1,-2.291,1,0.0301,9.37e-05,8.82e-05,0.0929,0.235,92.855,4,3.32
Golden,KPop Demon Hunters (Soundtrack from the Netflix Film),HUNTR/X;EJAE;AUDREY NUNA;REI AMI;KPop Demon Hunters Cast,2025-06-20,95,False,2025-12-03T12:16:11Z,k-pop,K-Pop Demon Hunters,0.651,0.686,4,-4.371,0,0.0616,0.0966,0.0,0.185,0.104,122.715,3,3.24
luther (with sza),GNX,Kendrick Lamar;SZA,2024-11-21,86,False,2025-12-03T12:16:11Z,"hip hop,west coast hip hop,r&b","pgLang, under exclusive license to Interscope Records",0.707,0.575,2,-7.546,1,0.125,0.251,0.0,0.248,0.576,138.008,4,2.96
That’s So True,The Secret of Us (Deluxe),Gracie Abrams,2024-10-18,90,True,2025-12-03T12:16:11Z,Unknown,"Gracie Abrams, under exclusive license to Interscope Records",0.554,0.808,1,-4.169,1,0.0368,0.214,0.0,0.159,0.372,108.548,4,2.77
WILDFLOWER,HIT ME HARD AND SOFT,Billie Eilish,2024-05-17,92,False,2025-12-03T12:16:11Z,Unknown,Darkroom/Interscope Records,0.467,0.247,6,-12.002,0,0.0431,0.612,0.000271,0.17,0.126,148.101,4,4.36
Sailor Song,"At The Beach, In Every Life",Gigi Perez,2025-04-25,88,False,2025-12-03T12:16:11Z,Unknown,"Outtahere, LLC / Island Records",0.499,0.392,11,-10.441,1,0.0262,0.627,7.1e-05,0.192,0.272,95.076,4,3.53
BAILE INoLVIDABLE,DeBÍ TiRAR MáS FOToS,Bad Bunny,2025-01-05,98,True,2025-12-03T12:16:11Z,"reggaeton,trap latino,latin,urbano latino",Rimas Entertainment LLC.,0.168,0.00332,10,-46.113,1,0.0615,0.192,0.79,0.112,0.219,119.387,3,6.13
Beautiful Things,Fireworks & Rollerblades,Benson Boone,2024-04-05,88,False,2024-12-04T12:15:00Z,Unknown,"Night Street Records, Inc./Warner Records Inc.",0.472,0.471,10,-5.692,1,0.0603,0.151,0.0,0.14,0.219,105.029,3,3.01
Espresso,Short n' Sweet,Sabrina Carpenter,2024-08-23,87,True,2024-12-04T12:15:00Z,pop,Island Records,0.699,0.776,0,-5.282,1,0.0293,0.131,5.36e-06,0.205,0.708,103.963,4,2.92
Timeless (feat Playboi Carti),Hurry Up Tomorrow,The Weeknd;Playboi Carti,2025-01-31,90,True,2025-12-03T12:16:11Z,rage rap,XO / Republic Records,0.768,0.775,11,-5.06,0,0.0466,0.069,2.96e-06,0.138,0.6,119.999,4,4.27
Messy,This Wasn't Meant For You Anyway,Lola Young,2024-06-21,83,True,2025-12-03T12:16:11Z,Unknown,Universal-Island Records Ltd.,0.798,0.562,9,-5.913,1,0.0375,0.11,0.00606,0.122,0.647,110.991,4,4.73
Iris,Dizzy up the Girl,The Goo Goo Dolls,,93,False,2025-12-03T12:16:11Z,Unknown,Warner Records,0.315,0.715,11,-8.072,0,0.0362,0.00125,7.97e-06,0.0942,0.497,155.925,3,4.83
La Plena - W Sound 05,La Plena (W Sound 05),W Sound;Beéle;Ovy On The Drums,2025-02-19,88,True,2025-12-03T12:16:11Z,"latin afrobeats,reggaeton",WEA Latina,0.894,0.643,5,-3.485,1,0.132,0.543,0.000984,0.101,0.659,99.039,4,2.5
"All The Stars (with SZA) - From ""Black Panther: The Album""",Black Panther The Album Music From And Inspired By,Kendrick Lamar;SZA,2018-02-09,90,True,2025-12-03T12:16:11Z,"hip hop,west coast hip hop,r&b",Black Panther (TDE/DMG) PS,0.695,0.633,8,-4.946,1,0.0599,0.0612,0.000195,0.0926,0.557,96.782,4,3.87
The Night We Met,Strange Trails,Lord Huron,2015-04-07,89,False,2024-12-04T12:15:00Z,Unknown,Lord Huron,0.44,0.378,2,-9.545,1,0.045,0.968,0.272,0.639,0.105,174.121,3,3.47
"One Of The Girls (with JENNIE, Lily Rose Depp)",The Idol Episode 4 (Music from the HBO Original Series),The Weeknd;JENNIE;Lily-Rose Depp,2023-06-23,91,False,2024-12-04T12:15:00Z,k-pop,XO / Republic Records,0.264,0.64,8,-6.221,1,0.0442,0.0393,2.31e-06,0.151,0.19,84.828,4,4.08
NUEVAYoL,DeBÍ TiRAR MáS FOToS,Bad Bunny,2025-01-05,97,False,2025-12-03T12:16:11Z,"reggaeton,trap latino,latin,urbano latino",Rimas Entertainment LLC.,0.142,0.195,6,-20.024,1,0.139,0.265,0.995,0.204,0.12,137.922,4,3.06
Lose Control,I've Tried Everything But Therapy (Part 1),Teddy Swims,2023-09-15,89,False,2024-12-04T12:15:00Z,Unknown,Warner Records,0.561,0.604,9,-4.409,1,0.0337,0.199,1.9e-05,0.104,0.242,159.92,3,3.51
"Good Luck, Babe!","Good Luck, Babe!",Chappell Roan,2024-04-05,90,False,2024-12-04T12:15:00Z,Unknown,Chappell Roan PS/ Island,0.7,0.582,11,-5.96,0,0.0356,0.0502,0.0,0.0881,0.785,116.712,4,3.64
Not Like Us,Not Like Us,Kendrick Lamar,2024-05-04,88,True,2024-12-04T12:15:00Z,"hip hop,west coast hip hop","Kendrick Lamar, under exclusive license to Interscope Records",0.898,0.472,1,-7.001,1,0.0776,0.0107,0.0,0.141,0.214,101.061,4,4.57
Who,MUSE,Jimin,2024-07-19,85,False,2024-12-04T12:15:00Z,k-pop,BIGHIT MUSIC,0.66,0.756,0,-3.743,0,0.032,0.00289,0.0,0.193,0.838,116.034,4,2.85
Sweater Weather,I Love You.,The Neighbourhood,2013-04-22,92,False,2024-12-04T12:15:00Z,Unknown,Columbia,0.612,0.807,10,-2.81,1,0.0336,0.0495,0.0177,0.101,0.398,124.053,4,4.01
I Wanna Be Yours,AM,Arctic Monkeys,2013-09-09,92,False,2023-11-29T12:16:00Z,"indie,garage rock",Domino Recording Co,0.464,0.417,0,-9.345,0,0.0256,0.136,0.022,0.0974,0.479,67.528,4,3.07
Love Me Not,Bird's Eye,Ravyn Lenae,2024-08-09,89,False,2025-12-03T12:16:11Z,"alternative r&b,indie soul",Atlantic Records,0.779,0.731,0,-6.176,1,0.0306,0.296,0.0,0.128,0.814,114.001,4,3.56
EoO,DeBÍ TiRAR MáS FOToS,Bad Bunny,2025-01-05,95,True,2025-12-03T12:16:11Z,"reggaeton,trap latino,latin,urbano latino",Rimas Entertainment LLC.,0.36,0.464,10,-29.598,0,0.0702,0.749,0.859,0.0825,0.184,63.662,4,3.41
Yellow,Parachutes,Coldplay,2000-07-10,91,False,2024-12-04T12:15:00Z,Unknown,Parlophone UK,0.429,0.661,11,-7.227,1,0.0281,0.00239,0.000121,0.234,0.285,173.372,4,4.45
Every Breath You Take,Synchronicity (Remastered 2003),The Police,1983-06-17,93,False,2025-12-03T12:16:11Z,Unknown,Polydor Records,0.82,0.452,1,-9.796,1,0.0348,0.543,0.00294,0.0714,0.74,117.401,4,4.23
VOY A LLeVARTE PA PR,DeBÍ TiRAR MáS FOToS,Bad Bunny,2025-01-05,93,True,2025-12-03T12:16:11Z,"reggaeton,trap latino,latin,urbano latino",Rimas Entertainment LLC.,0.148,0.604,7,-35.032,1,0.0588,0.921,0.453,0.405,1e-05,106.295,3,2.61
Si Antes Te Hubiera Conocido,Tropicoqueta,KAROL G,2025-06-20,85,False,2025-12-03T12:16:11Z,"reggaeton,latin,urbano latino",Bichota/Interscope Records,0.916,0.625,11,-8.379,1,0.0481,0.449,0.000226,0.0749,0.761,128.033,4,3.26
Pink Pony Club,The Rise and Fall of a Midwest Princess,Chappell Roan,2023-09-21,83,False,2025-12-03T12:16:11Z,Unknown,Chappell Roan PS/ Island,0.61,0.65,6,-6.199,1,0.0474,0.399,0.0,0.11,0.507,106.719,4,4.3
undressed,I Barely Know Her,sombr,2025-08-22,88,False,2025-12-03T12:16:11Z,Unknown,Warner Records,0.642,0.887,0,-3.883,1,0.0406,0.137,0.0,0.0829,0.888,115.999,4,3.03
No One Noticed,Submarine,The Marías,2024-05-31,90,False,2025-12-03T12:16:11Z,bedroom pop,Nice Life/Atlantic,0.705,0.339,7,-10.612,1,0.0278,0.552,0.0814,0.12,0.457,97.989,4,3.95
Abracadabra,MAYHEM,Lady Gaga,2025-03-07,82,False,2025-12-03T12:16:11Z,"art pop,pop",Interscope Records,0.679,0.906,10,-3.443,0,0.0632,0.0119,0.0,0.229,0.652,126.01,4,3.72
VeLDÁ,DeBÍ TiRAR MáS FOToS,Bad Bunny;Omar Courtz;Dei V,2025-01-05,91,True,2025-12-03T12:16:11Z,"reggaeton,trap latino,latin,urbano latino",Rimas Entertainment LLC.,0.613,0.981,1,-18.638,1,0.149,0.29,0.0023,0.437,0.0337,101.852,3,3.92
Sports car,So Close To What,Tate McRae,2025-02-20,86,False,2025-12-03T12:16:11Z,Unknown,RCA Records Label,0.861,0.815,11,-3.672,0,0.0349,0.0505,0.00139,0.1,0.886,106.978,4,2.75
See You Again (feat. Kali Uchis),Flower Boy,"Tyler, The Creator;Kali Uchis",2017-07-21,89,True,2023-11-29T12:16:00Z,Unknown,Columbia,0.558,0.559,6,-9.222,1,0.0959,0.371,7.49e-06,0.109,0.62,78.558,4,3.01
Don’t Say You Love Me,Echo,Jin,2025-05-16,85,False,2025-12-03T12:16:11Z,k-pop,BIGHIT MUSIC,0.729,0.562,8,-5.49,1,0.0304,0.484,0.0,0.105,0.757,111.976,4,3.01
like JENNIE,Ruby,JENNIE,2025-03-07,88,True,2025-12-03T12:16:11Z,k-pop,OA Entertainment/Columbia,0.811,0.743,10,-5.321,0,0.0611,0.281,0.00671,0.0868,0.815,130.019,4,2.06
Taste,Short n' Sweet,Sabrina Carpenter,2024-08-23,86,False,2025-12-03T12:16:11Z,pop,Island Records,0.674,0.907,3,-4.086,1,0.064,0.101,0.0,0.297,0.721,112.964,4,2.62
tv off (feat. lefty gunplay),GNX,Kendrick Lamar;Lefty Gunplay,2024-11-22,85,True,2025-12-03T12:16:11Z,"hip hop,west coast hip hop,mexican hip hop","pgLang, under exclusive license to Interscope Records",0.855,0.529,6,-6.679,0,0.263,0.0837,0.0,0.423,0.548,100.036,4,3.68
Creep,Pablo Honey,Radiohead,1993-02-22,92,True,2025-12-03T12:16:11Z,"art rock,alternative rock",XL Recordings,0.515,0.43,7,-9.935,1,0.0372,0.0097,0.000133,0.129,0.104,91.844,4,3.98
capaz (merengueton),LA CIUDAD,Alleh;Yorghaki,2024-12-24,86,False,2025-12-03T12:16:11Z,Unknown,La Ciudad,0.874,0.613,3,-5.618,0,0.171,0.0791,0.000207,0.135,0.783,126.935,4,2.9
Qué Pasaría...,Cosa Nuestra,Rauw Alejandro;Bad Bunny,2024-11-15,91,True,2025-12-03T12:16:11Z,"reggaeton,trap latino,urbano latino,latin",Sony Music Latin/Duars Entertainment,0.833,0.563,4,-5.593,0,0.204,0.528,1.27e-05,0.139,0.343,105.008,4,3.18
blue,"stay with the ocean, i'll find you",yung kai,2025-09-26,73,False,2025-12-03T12:16:11Z,Unknown,BMG Rights Management (US) LLC,0.746,0.317,4,-11.982,1,0.0342,0.933,0.0186,0.121,0.585,97.49,3,3.57
we can't be friends (wait for your love),eternal sunshine,Ariana Grande,2024-03-08,86,False,2024-12-04T12:15:00Z,pop,Republic Records,0.645,0.646,5,-8.334,1,0.0427,0.0615,3.04e-05,0.074,0.295,115.842,4,3.81
